first name,last name,street,city,car1 model,car2 model,car1 year,car2 year
Wright,Joselevitch,Cascade,Belén,Frontier,Z3,2002,2002
Traci,Rosnau,Weeping Birch,Zabrušany,Range Rover,Grand Marquis,1991,1990
Marci,Alster,Montana,Al Qardāḩah,Elantra,Challenger,2010,2008
Reginauld,Garvie,Mccormick,Ferreira,Solara,Corvette,2001,2010
Crystie,Coare,Melvin,Nemby,Seville,RX,1993,2004
Stuart,Dorey,Rusk,Delcevo,Esprit,960,1987,1993
Charla,Plumbe,Harbort,Sidu,Fit,MKX,2008,2008
Laural,Pesik,Saint Paul,Gugark’,Corvette,Prius,1989,2010
Dario,Lodemann,Eliot,Tsu-shi,Thunderbird,Defender 90,1989,1995
Trix,Tanby,Forest Dale,Arrap’i,Prius,Thunderbird,2002,1985
Noellyn,Wrigley,Truax,Łętownia,Legend,Bel Air,1994,1967
Sharity,Divill,Scott,Mucuri,Grand Prix,Cabriolet,1995,1987
Reuben,Ayres,Waubesa,Estreito,Crown Victoria,Tundra,2009,2005
Mariya,Crumley,Vahlen,Gizałki,626,LeMans,1990,1988
Cleve,Boullin,Utah,Enonkoski,1500,Cayenne,1995,2012
Cissy,Goodinson,Spohn,Campok,Boxster,Econoline E250,2000,1992
Sorcha,Gammack,Charing Cross,Dimitrovgrad,Probe,Express 1500,1997,2012
Martie,Venneur,Kings,Kertahayu,X-Type,Freestar,2004,2003
Xaviera,Hellyar,Colorado,Villa Carlos Paz,7 Series,Xterra,2009,2011
Klarrisa,Di Maggio,Loftsgordon,Oceanside,Elise,Q,2011,1996
Thea,Gathwaite,Larry,Babao,Matrix,Protege,2011,1997
Olga,Pavinese,Norway Maple,Namysłów,Mazda6,Grand Prix,2012,1997
Burty,Soulsby,Rigney,Ajaccio,Murano,J,2010,1993
Friederike,Bourthouloume,Wayridge,Sanguinheira,E250,Tercel,2006,1997
Amil,Caldero,Dovetail,Tsukawaki,LeMans,SL-Class,1967,1998
Ellette,Bellhanger,Judy,Xiasha,Endeavor,GTO,2006,1970
Yolanthe,Benettelli,Moose,Quanxi,3000GT,Swift,1995,1998
Joannes,Dameisele,Acker,Whittier,B-Series Plus,Intrepid,2003,1997
Any,Burl,Oriole,Cavadas,Sunfire,1500,2005,1996
Bette-ann,Snoddy,Dunning,Bungur,Murciélago,S10,2009,2003
Erica,Brundrett,Blackbird,Huarong,XK,MDX,2007,2007
Grier,Patman,Oriole,Peñaflor,Regal,Relay,1994,2005
Edita,Canavan,Delladonna,Rizómata,Terraza,LTD,2007,1985
Sunny,Beston,Macpherson,Aniso,Mazda3,Freestyle,2005,2007
Gage,Hugnet,Fieldstone,Mayhan,Paseo,Laser,1994,1990
Alida,Chesney,Little Fleur,Oubei,Truck,STS,1992,2008
Alana,Alderwick,South,Killorglin,Continental,Neon,1986,2002
Fleming,Clayworth,Crescent Oaks,Oslo,RX-7,Jetta,1995,1984
Janna,Garz,2nd,Vito,S-Series,ES,1992,2002
Patience,Lyddy,Emmet,Farmahīn,Yukon XL 2500,Grand Vitara,2011,2011
Antony,Livingston,Main,Tabuaço,Miata MX-5,Continental,2001,1990
Franky,Van Der Straaten,Montana,Obala,Continental,Catera,1995,2001
Annadiane,Tompkins,Swallow,Belén,Elantra,Catera,2002,1997
Donny,Ponnsett,Declaration,Xubao,G-Class,Amigo,2009,2000
Orran,Gair,Clarendon,Farap,Land Cruiser,Grand Prix,1998,1997
Deanne,Samson,Kings,Sanjia,NSX,9-7X,1996,2008
Nolly,Hurne,Carey,Uppsala,Bonneville,MDX,1984,2003
Adelina,Feeham,Talisman,Pingshi,VS Commodore,Cherokee,1997,2000
Dory,Brandone,Muir,Querocotillo,Grand Caravan,Yukon,1992,2009
Paco,Laws,Fairfield,Sakon Nakhon,LTD Crown Victoria,GranTurismo,1986,2011
Evelyn,Soutar,Barby,Byala Slatina,T100 Xtra,928,1995,1994
Steffie,Raeburn,8th,Kabacan,1 Series,Diamante,2011,2003
Etienne,Lanaway,Ronald Regan,Tijão,Firefly,Passat,1989,2010
Jon,Rosenauer,Hanover,El Cobre,XC60,Century,2010,1992
Lari,Pellman,Messerschmidt,Yandun,Elantra,3500,2003,1997
Adina,Bestman,Sage,Paracambi,Alero,Camaro,1999,1979
Vincenty,Trehearne,Melrose,Almalaguês,Paseo,Tempo,1993,1992
Kevyn,Hardson,Vernon,Nueva Cajamarca,Sequoia,Quattroporte,2010,2005
Fredelia,Frend,Northport,Luocun,Cougar,3000GT,1996,1997
Essy,Silver,Eagle Crest,Tongle,88,Avalon,1993,2006
Angelique,Mozzetti,Main,Teno,Touareg,900,2009,1989
Irv,Litherland,West,Ajuy,Sierra 1500,Typ-1,2010,2008
Ebenezer,Carpmile,Golf Course,Lydenburg,Sonoma Club,Sedona,1992,2009
Weylin,Fellgett,1st,Pasirpanjang,Fox,545,1990,2005
Keen,Kopp,Rockefeller,Železný Brod,LeMans,Mountaineer,1989,2001
Addison,Curzon,Forest Dale,Bil‘īn,Elantra,Safari,2007,2005
Maurise,Whebell,Westerfield,Pasadena,Continental Flying Spur,SLK-Class,2007,2009
Lucine,Bazely,Fair Oaks,Aldeias de Cima,NV3500,Escalade,2012,2000
Torre,MacKill,Nelson,São Domingos,Accord,GTI,2011,1992
Issi,Cahill,Cambridge,Dongle,LHS,Town & Country,2001,2010
Ignatius,Birkinshaw,Haas,Kuta,Cirrus,Prelude,1995,1995
Aura,Ubsdell,Katie,Quiriquire,Golf,MX-6,1983,1994
Derek,Mably,Mandrake,Zhenlai,G25,Tacoma,2012,2000
Ronnie,Klezmski,Pearson,L'Épiphanie,Summit,Escalade EXT,1994,2006
Kennedy,Pettingall,Lighthouse Bay,Vologda,Accent,S40,1998,2011
Deina,Roizin,Morrow,Schroeder,Monte Carlo,Equinox,2002,2012
Sherry,Gettens,Dakota,Masuda,Express 1500,G5,2004,2008
Uriel,Briand,Independence,Kwale,Equinox,XJ,2009,2012
Bertie,Gormally,West,Entradas,Silverado 1500,Ridgeline,2002,2008
Woodie,MacTrustam,Clyde Gallagher,Toulon,Sidekick,Thunderbird,1989,1955
Tripp,Brameld,Bluejay,Balbalan,Sierra 1500,Century,2010,1998
Sabra,Dudley,Pawling,Leiria,Touareg,Vitara,2009,2003
Ramonda,Sabathier,Nobel,Meliau,Mini,Mirage,1963,1998
Kalindi,Siggery,Dorton,Luodong,Optima,Suburban 2500,2004,1997
Matthias,Sherville,Spaight,Jawf al Maqbābah,MKX,Touareg,2011,2012
Bird,McMechan,Everett,Gombang,Grand Prix,Boxster,1964,2012
Cy,Ezzell,Commercial,Itacarambi,Tempest,Caravan,1961,2009
Marylin,Stockhill,Anderson,Adar,Ciera,Previa,1995,1992
Peggie,Curphey,Birchwood,Blagoveshchenka,S60,Daewoo Lacetti,2002,2004
Etheline,Fahy,Thierer,Baishi,DeVille,Oasis,1996,1997
Valerie,Knight,Sherman,San Antonio,Eurovan,Reno,1992,2007
Marlo,Fahey,Spaight,Haguenau,Toronado,RAV4,1992,1999
Ted,Yeeles,Mendota,Holguín,Truck,Sonoma,1992,1992
Ade,Tooze,Amoth,Pasirpanjang,E350,MX-5,2012,2001
Joyan,Topp,Springs,Pasadena,Aspen,F250,1976,1997
Michele,O'Beirne,Little Fleur,Nazaré da Mata,90,Ranger,1994,1993
Verile,Sokill,Crowley,Wałcz,Mark LT,Uplander,2008,2006
Tyson,Yole,Prairieview,Tarata,Maxima,Aero 8,2011,2008
Etienne,Laise,Oxford,Stockholm,GTI,D350,1986,1992
Dorine,Restill,Kings,Gunungkendeng,ES,Vandura 3500,2011,1993
